id,nama_buku,kode_buku,tanggal_pengesahan,created_at,kategori_buku
1,Analisis Sistem Keamanan Jaringan,1,2015-11-10,2024-07-09 12:49:25,Laporan Magang
2,Analisis Sistem Pembelajaran Mesin,2,2011-12-08,2024-07-09 12:49:25,Laporan Skripsi
3,Implementasi Sistem Sistem Tenaga Listrik,3,2014-01-05,2024-07-09 12:49:25,Keteknikan
4,Analisis Sistem Keamanan Jaringan,4,2011-12-10,2024-07-09 12:49:25,Laporan Magang
5,Analisis Sistem Kecerdasan Buatan,5,2023-12-19,2024-07-09 12:49:25,Laporan Skripsi
6,Rancang Bangun Sistem Komunikasi Digital,6,2015-11-21,2024-07-09 12:49:25,Keteknikan
7,Analisis Sistem Pemrograman Python,7,2015-04-16,2024-07-09 12:49:25,Laporan Magang
8,Implementasi Sistem Algoritma Optimasi,8,2022-05-24,2024-07-09 12:49:25,Laporan Skripsi
9,Rancang Bangun Sistem Sistem Tenaga Listrik,9,2012-06-05,2024-07-09 12:49:25,Keteknikan
10,Implementasi Sistem Manajemen Data,10,2017-03-13,2024-07-09 12:49:25,Laporan Magang
11,Analisis Sistem Algoritma Optimasi,11,2012-12-26,2024-07-09 12:49:25,Laporan Skripsi
12,Implementasi Sistem Sistem Tenaga Listrik,12,2014-03-19,2024-07-09 12:49:25,Keteknikan
13,Rancang Bangun Sistem Pemrograman Python,13,2020-06-03,2024-07-09 12:49:25,Laporan Magang
14,Analisis Sistem Kecerdasan Buatan,14,2022-10-17,2024-07-09 12:49:25,Laporan Skripsi
15,Analisis Sistem Komunikasi Digital,15,2017-02-05,2024-07-09 12:49:25,Keteknikan
16,Rancang Bangun Sistem Pemrograman Python,16,2011-03-09,2024-07-09 12:49:25,Laporan Magang
17,Rancang Bangun Sistem Kecerdasan Buatan,17,2023-08-12,2024-07-09 12:49:25,Laporan Skripsi
18,Implementasi Sistem Elektronika Analog,18,2019-02-11,2024-07-09 12:49:25,Keteknikan
19,Rancang Bangun Sistem Manajemen Data,19,2012-10-19,2024-07-09 12:49:25,Laporan Magang
20,Analisis Sistem Pembelajaran Mesin,20,2023-10-22,2024-07-09 12:49:25,Laporan Skripsi
21,Analisis Sistem Sistem Tenaga Listrik,21,2021-10-14,2024-07-09 12:49:25,Keteknikan
22,Analisis Sistem Keamanan Jaringan,22,2011-05-11,2024-07-09 12:49:25,Laporan Magang
23,Implementasi Sistem Algoritma Optimasi,23,2013-07-10,2024-07-09 12:49:25,Laporan Skripsi
24,Implementasi Sistem Sistem Tenaga Listrik,24,2016-11-14,2024-07-09 12:49:25,Keteknikan
25,Rancang Bangun Sistem Pemrograman Python,25,2013-09-11,2024-07-09 12:49:25,Laporan Magang
26,Implementasi Sistem Pembelajaran Mesin,26,2011-08-21,2024-07-09 12:49:25,Laporan Skripsi
27,Rancang Bangun Sistem Elektronika Analog,27,2010-04-23,2024-07-09 12:49:25,Keteknikan
28,Rancang Bangun Sistem Pemrograman Python,28,2014-05-18,2024-07-09 12:49:25,Laporan Magang
29,Rancang Bangun Sistem Kecerdasan Buatan,29,2019-12-02,2024-07-09 12:49:25,Laporan Skripsi
30,Implementasi Sistem Komunikasi Digital,30,2021-03-01,2024-07-09 12:49:25,Keteknikan
31,Implementasi Sistem Keamanan Jaringan,31,2015-03-30,2024-07-09 12:49:25,Laporan Magang
32,Analisis Sistem Kecerdasan Buatan,32,2019-03-07,2024-07-09 12:49:25,Laporan Skripsi
33,Rancang Bangun Sistem Sistem Tenaga Listrik,33,2023-09-05,2024-07-09 12:49:25,Keteknikan
34,Rancang Bangun Sistem Manajemen Data,34,2014-10-04,2024-07-09 12:49:25,Laporan Magang
35,Implementasi Sistem Kecerdasan Buatan,35,2011-05-25,2024-07-09 12:49:25,Laporan Skripsi
36,Rancang Bangun Sistem Elektronika Analog,36,2010-03-29,2024-07-09 12:49:25,Keteknikan
37,Implementasi Sistem Manajemen Data,37,2016-04-05,2024-07-09 12:49:25,Laporan Magang
38,Implementasi Sistem Pembelajaran Mesin,38,2010-07-01,2024-07-09 12:49:25,Laporan Skripsi
39,Implementasi Sistem Komunikasi Digital,39,2020-06-30,2024-07-09 12:49:25,Keteknikan
40,Implementasi Sistem Keamanan Jaringan,40,2013-07-01,2024-07-09 12:49:25,Laporan Magang
41,Rancang Bangun Sistem Pembelajaran Mesin,41,2010-01-08,2024-07-09 12:49:25,Laporan Skripsi
42,Rancang Bangun Sistem Sistem Tenaga Listrik,42,2013-01-18,2024-07-09 12:49:25,Keteknikan
43,Analisis Sistem Pemrograman Python,43,2017-06-23,2024-07-09 12:49:25,Laporan Magang
44,Analisis Sistem Pembelajaran Mesin,44,2014-02-17,2024-07-09 12:49:25,Laporan Skripsi
45,Implementasi Sistem Komunikasi Digital,45,2010-01-23,2024-07-09 12:49:25,Keteknikan
46,Analisis Sistem Keamanan Jaringan,46,2012-02-08,2024-07-09 12:49:25,Laporan Magang
47,Analisis Sistem Kecerdasan Buatan,47,2019-09-12,2024-07-09 12:49:25,Laporan Skripsi
48,Rancang Bangun Sistem Sistem Tenaga Listrik,48,2023-04-27,2024-07-09 12:49:25,Keteknikan
49,Rancang Bangun Sistem Keamanan Jaringan,49,2013-01-09,2024-07-09 12:49:25,Laporan Magang
50,Rancang Bangun Sistem Kecerdasan Buatan,50,2011-02-06,2024-07-09 12:49:25,Laporan Skripsi
51,Analisis Sistem Sistem Tenaga Listrik,51,2010-01-25,2024-07-09 12:49:25,Keteknikan
52,Implementasi Sistem Pemrograman Python,52,2019-04-01,2024-07-09 12:49:25,Laporan Magang
53,Implementasi Sistem Kecerdasan Buatan,53,2020-11-24,2024-07-09 12:49:25,Laporan Skripsi
54,Analisis Sistem Sistem Tenaga Listrik,54,2015-02-03,2024-07-09 12:49:25,Keteknikan
55,Rancang Bangun Sistem Keamanan Jaringan,55,2012-01-08,2024-07-09 12:49:25,Laporan Magang
56,Analisis Sistem Pembelajaran Mesin,56,2019-11-26,2024-07-09 12:49:25,Laporan Skripsi
57,Analisis Sistem Sistem Tenaga Listrik,57,2022-06-01,2024-07-09 12:49:25,Keteknikan
58,Analisis Sistem Manajemen Data,58,2014-11-14,2024-07-09 12:49:25,Laporan Magang
59,Analisis Sistem Kecerdasan Buatan,59,2020-04-01,2024-07-09 12:49:25,Laporan Skripsi
60,Analisis Sistem Sistem Tenaga Listrik,60,2023-05-08,2024-07-09 12:49:25,Keteknikan
61,Analisis Sistem Manajemen Data,61,2014-03-17,2024-07-09 12:49:25,Laporan Magang
62,Implementasi Sistem Pembelajaran Mesin,62,2012-11-10,2024-07-09 12:49:25,Laporan Skripsi
63,Implementasi Sistem Sistem Tenaga Listrik,63,2023-04-28,2024-07-09 12:49:25,Keteknikan
64,Analisis Sistem Keamanan Jaringan,64,2015-02-10,2024-07-09 12:49:25,Laporan Magang
65,Implementasi Sistem Algoritma Optimasi,65,2021-07-21,2024-07-09 12:49:25,Laporan Skripsi
66,Implementasi Sistem Elektronika Analog,66,2022-09-15,2024-07-09 12:49:25,Keteknikan
67,Rancang Bangun Sistem Manajemen Data,67,2021-02-28,2024-07-09 12:49:25,Laporan Magang
68,Implementasi Sistem Kecerdasan Buatan,68,2016-04-02,2024-07-09 12:49:25,Laporan Skripsi
69,Rancang Bangun Sistem Komunikasi Digital,69,2010-01-18,2024-07-09 12:49:25,Keteknikan
70,Rancang Bangun Sistem Pemrograman Python,70,2018-02-27,2024-07-09 12:49:25,Laporan Magang
71,Implementasi Sistem Kecerdasan Buatan,71,2017-06-29,2024-07-09 12:49:25,Laporan Skripsi
72,Implementasi Sistem Elektronika Analog,72,2020-06-18,2024-07-09 12:49:25,Keteknikan
73,Analisis Sistem Manajemen Data,73,2010-02-24,2024-07-09 12:49:25,Laporan Magang
74,Rancang Bangun Sistem Kecerdasan Buatan,74,2020-08-10,2024-07-09 12:49:25,Laporan Skripsi
75,Rancang Bangun Sistem Komunikasi Digital,75,2019-07-27,2024-07-09 12:49:25,Keteknikan
76,Implementasi Sistem Pemrograman Python,76,2017-08-31,2024-07-09 12:49:25,Laporan Magang
77,Implementasi Sistem Kecerdasan Buatan,77,2013-07-01,2024-07-09 12:49:25,Laporan Skripsi
78,Rancang Bangun Sistem Komunikasi Digital,78,2020-05-30,2024-07-09 12:49:25,Keteknikan
79,Analisis Sistem Keamanan Jaringan,79,2023-09-10,2024-07-09 12:49:25,Laporan Magang
80,Implementasi Sistem Kecerdasan Buatan,80,2022-10-27,2024-07-09 12:49:25,Laporan Skripsi
81,Implementasi Sistem Elektronika Analog,81,2019-12-18,2024-07-09 12:49:25,Keteknikan
82,Implementasi Sistem Keamanan Jaringan,82,2019-03-21,2024-07-09 12:49:25,Laporan Magang
83,Implementasi Sistem Pembelajaran Mesin,83,2016-04-11,2024-07-09 12:49:25,Laporan Skripsi
84,Analisis Sistem Sistem Tenaga Listrik,84,2011-06-21,2024-07-09 12:49:25,Keteknikan
85,Analisis Sistem Pemrograman Python,85,2010-11-12,2024-07-09 12:49:25,Laporan Magang
86,Rancang Bangun Sistem Pembelajaran Mesin,86,2023-06-11,2024-07-09 12:49:25,Laporan Skripsi
87,Analisis Sistem Elektronika Analog,87,2013-07-02,2024-07-09 12:49:25,Keteknikan
88,Rancang Bangun Sistem Keamanan Jaringan,88,2018-07-16,2024-07-09 12:49:25,Laporan Magang
89,Analisis Sistem Kecerdasan Buatan,89,2017-08-09,2024-07-09 12:49:25,Laporan Skripsi
90,Implementasi Sistem Elektronika Analog,90,2014-10-01,2024-07-09 12:49:25,Keteknikan
91,Analisis Sistem Pemrograman Python,91,2018-07-04,2024-07-09 12:49:25,Laporan Magang
92,Analisis Sistem Algoritma Optimasi,92,2023-07-01,2024-07-09 12:49:25,Laporan Skripsi
93,Analisis Sistem Komunikasi Digital,93,2011-11-12,2024-07-09 12:49:25,Keteknikan
94,Rancang Bangun Sistem Manajemen Data,94,2011-01-08,2024-07-09 12:49:25,Laporan Magang
95,Implementasi Sistem Algoritma Optimasi,95,2017-03-13,2024-07-09 12:49:25,Laporan Skripsi
96,Rancang Bangun Sistem Komunikasi Digital,96,2022-12-18,2024-07-09 12:49:25,Keteknikan
97,Rancang Bangun Sistem Pemrograman Python,97,2023-02-14,2024-07-09 12:49:25,Laporan Magang
98,Implementasi Sistem Pembelajaran Mesin,98,2013-08-21,2024-07-09 12:49:25,Laporan Skripsi
99,Implementasi Sistem Elektronika Analog,99,2020-04-11,2024-07-09 12:49:25,Keteknikan
100,Rancang Bangun Sistem Pemrograman Python,100,2020-05-03,2024-07-09 12:49:25,Laporan Magang
101,Analisis Sistem Pembelajaran Mesin,101,2021-03-14,2024-07-09 12:49:25,Laporan Skripsi
102,Analisis Sistem Sistem Tenaga Listrik,102,2018-03-07,2024-07-09 12:49:25,Keteknikan
103,Analisis Sistem Manajemen Data,103,2023-05-27,2024-07-09 12:49:25,Laporan Magang
104,Implementasi Sistem Pembelajaran Mesin,104,2010-05-08,2024-07-09 12:49:25,Laporan Skripsi
105,Implementasi Sistem Komunikasi Digital,105,2019-06-18,2024-07-09 12:49:25,Keteknikan
106,Rancang Bangun Sistem Pemrograman Python,106,2022-05-11,2024-07-09 12:49:25,Laporan Magang
107,Implementasi Sistem Kecerdasan Buatan,107,2018-03-24,2024-07-09 12:49:25,Laporan Skripsi
108,Rancang Bangun Sistem Elektronika Analog,108,2021-08-11,2024-07-09 12:49:25,Keteknikan
109,Analisis Sistem Pemrograman Python,109,2014-06-27,2024-07-09 12:49:25,Laporan Magang
110,Implementasi Sistem Kecerdasan Buatan,110,2010-11-22,2024-07-09 12:49:25,Laporan Skripsi
111,Implementasi Sistem Elektronika Analog,111,2017-02-18,2024-07-09 12:49:25,Keteknikan
112,Analisis Sistem Pemrograman Python,112,2017-07-22,2024-07-09 12:49:25,Laporan Magang
113,Implementasi Sistem Algoritma Optimasi,113,2010-08-09,2024-07-09 12:49:25,Laporan Skripsi
114,Implementasi Sistem Elektronika Analog,114,2014-11-15,2024-07-09 12:49:25,Keteknikan
115,Analisis Sistem Pemrograman Python,115,2012-08-03,2024-07-09 12:49:25,Laporan Magang
116,Analisis Sistem Algoritma Optimasi,116,2010-08-06,2024-07-09 12:49:25,Laporan Skripsi
117,Rancang Bangun Sistem Komunikasi Digital,117,2015-03-01,2024-07-09 12:49:25,Keteknikan
118,Analisis Sistem Manajemen Data,118,2017-09-29,2024-07-09 12:49:25,Laporan Magang
119,Analisis Sistem Pembelajaran Mesin,119,2021-01-16,2024-07-09 12:49:25,Laporan Skripsi
120,Rancang Bangun Sistem Komunikasi Digital,120,2019-08-15,2024-07-09 12:49:25,Keteknikan
121,Implementasi Sistem Pemrograman Python,121,2014-08-18,2024-07-09 12:49:25,Laporan Magang
122,Rancang Bangun Sistem Pembelajaran Mesin,122,2011-09-02,2024-07-09 12:49:25,Laporan Skripsi
123,Analisis Sistem Elektronika Analog,123,2018-04-18,2024-07-09 12:49:25,Keteknikan
124,Implementasi Sistem Manajemen Data,124,2015-04-27,2024-07-09 12:49:25,Laporan Magang
125,Implementasi Sistem Kecerdasan Buatan,125,2011-05-29,2024-07-09 12:49:25,Laporan Skripsi
126,Implementasi Sistem Sistem Tenaga Listrik,126,2020-10-13,2024-07-09 12:49:25,Keteknikan
127,Rancang Bangun Sistem Pemrograman Python,127,2010-11-13,2024-07-09 12:49:25,Laporan Magang
128,Analisis Sistem Kecerdasan Buatan,128,2016-12-27,2024-07-09 12:49:25,Laporan Skripsi
129,Analisis Sistem Elektronika Analog,129,2011-02-28,2024-07-09 12:49:25,Keteknikan
130,Rancang Bangun Sistem Pemrograman Python,130,2020-05-16,2024-07-09 12:49:25,Laporan Magang
131,Implementasi Sistem Kecerdasan Buatan,131,2014-01-18,2024-07-09 12:49:25,Laporan Skripsi
132,Rancang Bangun Sistem Elektronika Analog,132,2016-06-14,2024-07-09 12:49:25,Keteknikan
133,Analisis Sistem Manajemen Data,133,2018-11-03,2024-07-09 12:49:25,Laporan Magang
134,Rancang Bangun Sistem Algoritma Optimasi,134,2010-05-18,2024-07-09 12:49:25,Laporan Skripsi
135,Analisis Sistem Komunikasi Digital,135,2010-10-14,2024-07-09 12:49:25,Keteknikan
136,Implementasi Sistem Pemrograman Python,136,2016-10-24,2024-07-09 12:49:25,Laporan Magang
137,Analisis Sistem Pembelajaran Mesin,137,2011-12-30,2024-07-09 12:49:25,Laporan Skripsi
138,Rancang Bangun Sistem Elektronika Analog,138,2020-06-09,2024-07-09 12:49:25,Keteknikan
139,Analisis Sistem Pemrograman Python,139,2017-04-28,2024-07-09 12:49:25,Laporan Magang
140,Analisis Sistem Algoritma Optimasi,140,2014-03-21,2024-07-09 12:49:25,Laporan Skripsi
141,Implementasi Sistem Elektronika Analog,141,2018-06-25,2024-07-09 12:49:25,Keteknikan
142,Analisis Sistem Keamanan Jaringan,142,2019-07-30,2024-07-09 12:49:25,Laporan Magang
143,Implementasi Sistem Algoritma Optimasi,143,2010-01-04,2024-07-09 12:49:25,Laporan Skripsi
144,Analisis Sistem Elektronika Analog,144,2012-04-29,2024-07-09 12:49:25,Keteknikan
145,Analisis Sistem Manajemen Data,145,2015-07-28,2024-07-09 12:49:25,Laporan Magang
146,Rancang Bangun Sistem Kecerdasan Buatan,146,2017-06-09,2024-07-09 12:49:25,Laporan Skripsi
147,Analisis Sistem Sistem Tenaga Listrik,147,2022-08-30,2024-07-09 12:49:25,Keteknikan
148,Rancang Bangun Sistem Keamanan Jaringan,148,2013-04-10,2024-07-09 12:49:25,Laporan Magang
149,Analisis Sistem Pembelajaran Mesin,149,2022-05-05,2024-07-09 12:49:25,Laporan Skripsi
150,Rancang Bangun Sistem Komunikasi Digital,150,2021-09-02,2024-07-09 12:49:25,Keteknikan
151,Rancang Bangun Sistem Keamanan Jaringan,151,2017-05-22,2024-07-09 12:49:25,Laporan Magang
152,Analisis Sistem Kecerdasan Buatan,152,2017-10-09,2024-07-09 12:49:25,Laporan Skripsi
153,Implementasi Sistem Sistem Tenaga Listrik,153,2021-04-30,2024-07-09 12:49:25,Keteknikan
154,Analisis Sistem Keamanan Jaringan,154,2018-02-12,2024-07-09 12:49:25,Laporan Magang
155,Rancang Bangun Sistem Algoritma Optimasi,155,2023-05-22,2024-07-09 12:49:25,Laporan Skripsi
156,Rancang Bangun Sistem Sistem Tenaga Listrik,156,2010-04-25,2024-07-09 12:49:25,Keteknikan
157,Analisis Sistem Keamanan Jaringan,157,2011-09-07,2024-07-09 12:49:25,Laporan Magang
158,Rancang Bangun Sistem Algoritma Optimasi,158,2022-07-09,2024-07-09 12:49:25,Laporan Skripsi
159,Rancang Bangun Sistem Komunikasi Digital,159,2011-10-09,2024-07-09 12:49:25,Keteknikan
160,Analisis Sistem Keamanan Jaringan,160,2021-11-12,2024-07-09 12:49:25,Laporan Magang
161,Implementasi Sistem Algoritma Optimasi,161,2020-10-11,2024-07-09 12:49:25,Laporan Skripsi
162,Rancang Bangun Sistem Komunikasi Digital,162,2018-06-23,2024-07-09 12:49:25,Keteknikan
163,Rancang Bangun Sistem Pemrograman Python,163,2018-04-18,2024-07-09 12:49:25,Laporan Magang
164,Rancang Bangun Sistem Kecerdasan Buatan,164,2014-09-06,2024-07-09 12:49:25,Laporan Skripsi
165,Rancang Bangun Sistem Sistem Tenaga Listrik,165,2011-02-26,2024-07-09 12:49:25,Keteknikan
166,Analisis Sistem Pemrograman Python,166,2017-12-31,2024-07-09 12:49:25,Laporan Magang
167,Rancang Bangun Sistem Algoritma Optimasi,167,2013-08-16,2024-07-09 12:49:25,Laporan Skripsi
168,Rancang Bangun Sistem Elektronika Analog,168,2014-10-13,2024-07-09 12:49:25,Keteknikan
169,Analisis Sistem Keamanan Jaringan,169,2011-11-15,2024-07-09 12:49:25,Laporan Magang
170,Implementasi Sistem Algoritma Optimasi,170,2012-03-11,2024-07-09 12:49:25,Laporan Skripsi
171,Rancang Bangun Sistem Elektronika Analog,171,2014-12-02,2024-07-09 12:49:25,Keteknikan
172,Analisis Sistem Manajemen Data,172,2023-04-16,2024-07-09 12:49:25,Laporan Magang
173,Rancang Bangun Sistem Algoritma Optimasi,173,2017-09-17,2024-07-09 12:49:25,Laporan Skripsi
174,Rancang Bangun Sistem Sistem Tenaga Listrik,174,2021-06-13,2024-07-09 12:49:25,Keteknikan
175,Rancang Bangun Sistem Keamanan Jaringan,175,2023-01-24,2024-07-09 12:49:25,Laporan Magang
176,Analisis Sistem Algoritma Optimasi,176,2011-12-02,2024-07-09 12:49:25,Laporan Skripsi
177,Implementasi Sistem Komunikasi Digital,177,2021-01-19,2024-07-09 12:49:25,Keteknikan
178,Analisis Sistem Keamanan Jaringan,178,2021-10-21,2024-07-09 12:49:25,Laporan Magang
179,Analisis Sistem Algoritma Optimasi,179,2017-07-23,2024-07-09 12:49:25,Laporan Skripsi
180,Analisis Sistem Komunikasi Digital,180,2011-04-29,2024-07-09 12:49:25,Keteknikan
181,Rancang Bangun Sistem Keamanan Jaringan,181,2014-08-27,2024-07-09 12:49:25,Laporan Magang
182,Analisis Sistem Kecerdasan Buatan,182,2011-08-20,2024-07-09 12:49:25,Laporan Skripsi
183,Rancang Bangun Sistem Komunikasi Digital,183,2022-03-05,2024-07-09 12:49:25,Keteknikan
184,Rancang Bangun Sistem Keamanan Jaringan,184,2013-02-03,2024-07-09 12:49:25,Laporan Magang
185,Analisis Sistem Algoritma Optimasi,185,2011-08-04,2024-07-09 12:49:25,Laporan Skripsi
186,Rancang Bangun Sistem Elektronika Analog,186,2010-08-22,2024-07-09 12:49:25,Keteknikan
187,Rancang Bangun Sistem Pemrograman Python,187,2023-04-16,2024-07-09 12:49:25,Laporan Magang
188,Rancang Bangun Sistem Kecerdasan Buatan,188,2018-11-26,2024-07-09 12:49:25,Laporan Skripsi
189,Implementasi Sistem Sistem Tenaga Listrik,189,2021-06-18,2024-07-09 12:49:25,Keteknikan
190,Rancang Bangun Sistem Pemrograman Python,190,2019-10-18,2024-07-09 12:49:25,Laporan Magang
191,Implementasi Sistem Kecerdasan Buatan,191,2012-12-15,2024-07-09 12:49:25,Laporan Skripsi
192,Implementasi Sistem Komunikasi Digital,192,2014-01-25,2024-07-09 12:49:25,Keteknikan
193,Implementasi Sistem Keamanan Jaringan,193,2016-11-18,2024-07-09 12:49:25,Laporan Magang
194,Implementasi Sistem Pembelajaran Mesin,194,2023-06-04,2024-07-09 12:49:25,Laporan Skripsi
195,Implementasi Sistem Elektronika Analog,195,2022-09-12,2024-07-09 12:49:25,Keteknikan
196,Analisis Sistem Manajemen Data,196,2020-02-23,2024-07-09 12:49:25,Laporan Magang
197,Analisis Sistem Pembelajaran Mesin,197,2010-09-26,2024-07-09 12:49:25,Laporan Skripsi
198,Implementasi Sistem Komunikasi Digital,198,2013-06-13,2024-07-09 12:49:25,Keteknikan
199,Implementasi Sistem Keamanan Jaringan,199,2015-04-11,2024-07-09 12:49:25,Laporan Magang
200,Analisis Sistem Kecerdasan Buatan,200,2014-10-26,2024-07-09 12:49:25,Laporan Skripsi
201,Analisis Sistem Komunikasi Digital,201,2016-07-02,2024-07-09 12:49:25,Keteknikan
202,Implementasi Sistem Keamanan Jaringan,202,2016-10-21,2024-07-09 12:49:25,Laporan Magang
203,Rancang Bangun Sistem Kecerdasan Buatan,203,2013-06-27,2024-07-09 12:49:25,Laporan Skripsi
204,Implementasi Sistem Komunikasi Digital,204,2020-03-19,2024-07-09 12:49:25,Keteknikan
205,Rancang Bangun Sistem Pemrograman Python,205,2021-10-25,2024-07-09 12:49:25,Laporan Magang
206,Implementasi Sistem Algoritma Optimasi,206,2012-01-18,2024-07-09 12:49:25,Laporan Skripsi
207,Rancang Bangun Sistem Sistem Tenaga Listrik,207,2018-04-08,2024-07-09 12:49:25,Keteknikan
208,Rancang Bangun Sistem Keamanan Jaringan,208,2021-02-15,2024-07-09 12:49:25,Laporan Magang
209,Analisis Sistem Algoritma Optimasi,209,2021-03-01,2024-07-09 12:49:25,Laporan Skripsi
210,Rancang Bangun Sistem Komunikasi Digital,210,2021-04-03,2024-07-09 12:49:25,Keteknikan
211,Rancang Bangun Sistem Manajemen Data,211,2019-05-07,2024-07-09 12:49:25,Laporan Magang
212,Analisis Sistem Pembelajaran Mesin,212,2017-08-13,2024-07-09 12:49:25,Laporan Skripsi
213,Implementasi Sistem Sistem Tenaga Listrik,213,2019-11-18,2024-07-09 12:49:25,Keteknikan
214,Implementasi Sistem Manajemen Data,214,2016-03-13,2024-07-09 12:49:25,Laporan Magang
215,Rancang Bangun Sistem Pembelajaran Mesin,215,2013-05-27,2024-07-09 12:49:25,Laporan Skripsi
216,Rancang Bangun Sistem Sistem Tenaga Listrik,216,2019-06-13,2024-07-09 12:49:25,Keteknikan
217,Rancang Bangun Sistem Keamanan Jaringan,217,2011-01-02,2024-07-09 12:49:25,Laporan Magang
218,Rancang Bangun Sistem Pembelajaran Mesin,218,2010-09-06,2024-07-09 12:49:25,Laporan Skripsi
219,Rancang Bangun Sistem Komunikasi Digital,219,2011-04-01,2024-07-09 12:49:25,Keteknikan
220,Implementasi Sistem Pemrograman Python,220,2016-04-28,2024-07-09 12:49:25,Laporan Magang
221,Analisis Sistem Algoritma Optimasi,221,2010-09-06,2024-07-09 12:49:25,Laporan Skripsi
222,Analisis Sistem Komunikasi Digital,222,2016-01-06,2024-07-09 12:49:25,Keteknikan
223,Analisis Sistem Manajemen Data,223,2018-04-16,2024-07-09 12:49:25,Laporan Magang
224,Implementasi Sistem Algoritma Optimasi,224,2022-04-18,2024-07-09 12:49:25,Laporan Skripsi
225,Analisis Sistem Komunikasi Digital,225,2015-09-11,2024-07-09 12:49:25,Keteknikan
226,Rancang Bangun Sistem Keamanan Jaringan,226,2021-05-22,2024-07-09 12:49:25,Laporan Magang
227,Implementasi Sistem Pembelajaran Mesin,227,2021-03-10,2024-07-09 12:49:25,Laporan Skripsi
228,Analisis Sistem Komunikasi Digital,228,2014-10-09,2024-07-09 12:49:25,Keteknikan
229,Rancang Bangun Sistem Manajemen Data,229,2021-11-28,2024-07-09 12:49:25,Laporan Magang
230,Rancang Bangun Sistem Kecerdasan Buatan,230,2010-07-19,2024-07-09 12:49:25,Laporan Skripsi
231,Analisis Sistem Sistem Tenaga Listrik,231,2011-01-16,2024-07-09 12:49:25,Keteknikan
232,Analisis Sistem Pemrograman Python,232,2018-10-14,2024-07-09 12:49:25,Laporan Magang
233,Analisis Sistem Algoritma Optimasi,233,2015-07-26,2024-07-09 12:49:25,Laporan Skripsi
234,Rancang Bangun Sistem Elektronika Analog,234,2018-04-11,2024-07-09 12:49:25,Keteknikan
235,Implementasi Sistem Keamanan Jaringan,235,2019-11-11,2024-07-09 12:49:25,Laporan Magang
236,Rancang Bangun Sistem Algoritma Optimasi,236,2012-07-04,2024-07-09 12:49:25,Laporan Skripsi
237,Analisis Sistem Sistem Tenaga Listrik,237,2010-07-31,2024-07-09 12:49:25,Keteknikan
238,Analisis Sistem Pemrograman Python,238,2011-05-17,2024-07-09 12:49:25,Laporan Magang
239,Analisis Sistem Kecerdasan Buatan,239,2021-04-22,2024-07-09 12:49:25,Laporan Skripsi
240,Rancang Bangun Sistem Komunikasi Digital,240,2013-02-12,2024-07-09 12:49:25,Keteknikan
241,Analisis Sistem Keamanan Jaringan,241,2010-10-20,2024-07-09 12:49:25,Laporan Magang
242,Implementasi Sistem Algoritma Optimasi,242,2020-11-06,2024-07-09 12:49:25,Laporan Skripsi
243,Analisis Sistem Sistem Tenaga Listrik,243,2021-04-06,2024-07-09 12:49:25,Keteknikan
244,Analisis Sistem Pemrograman Python,244,2021-07-12,2024-07-09 12:49:25,Laporan Magang
245,Analisis Sistem Pembelajaran Mesin,245,2014-12-26,2024-07-09 12:49:25,Laporan Skripsi
246,Implementasi Sistem Komunikasi Digital,246,2012-11-06,2024-07-09 12:49:25,Keteknikan
247,Analisis Sistem Pemrograman Python,247,2021-04-16,2024-07-09 12:49:25,Laporan Magang
248,Analisis Sistem Kecerdasan Buatan,248,2012-10-06,2024-07-09 12:49:25,Laporan Skripsi
249,Rancang Bangun Sistem Elektronika Analog,249,2010-09-21,2024-07-09 12:49:25,Keteknikan
250,Implementasi Sistem Keamanan Jaringan,250,2021-06-12,2024-07-09 12:49:25,Laporan Magang
251,Implementasi Sistem Kecerdasan Buatan,251,2017-05-14,2024-07-09 12:49:25,Laporan Skripsi
252,Rancang Bangun Sistem Elektronika Analog,252,2011-04-08,2024-07-09 12:49:25,Keteknikan
253,Rancang Bangun Sistem Keamanan Jaringan,253,2023-07-10,2024-07-09 12:49:25,Laporan Magang
254,Analisis Sistem Pembelajaran Mesin,254,2021-03-25,2024-07-09 12:49:25,Laporan Skripsi
255,Analisis Sistem Sistem Tenaga Listrik,255,2016-02-22,2024-07-09 12:49:25,Keteknikan
256,Implementasi Sistem Keamanan Jaringan,256,2023-06-27,2024-07-09 12:49:25,Laporan Magang
257,Rancang Bangun Sistem Kecerdasan Buatan,257,2022-08-11,2024-07-09 12:49:25,Laporan Skripsi
258,Analisis Sistem Sistem Tenaga Listrik,258,2011-06-06,2024-07-09 12:49:25,Keteknikan
259,Rancang Bangun Sistem Keamanan Jaringan,259,2011-05-17,2024-07-09 12:49:25,Laporan Magang
260,Implementasi Sistem Kecerdasan Buatan,260,2015-11-02,2024-07-09 12:49:25,Laporan Skripsi
261,Rancang Bangun Sistem Elektronika Analog,261,2011-11-04,2024-07-09 12:49:25,Keteknikan
262,Rancang Bangun Sistem Manajemen Data,262,2011-08-18,2024-07-09 12:49:25,Laporan Magang
263,Analisis Sistem Pembelajaran Mesin,263,2019-10-20,2024-07-09 12:49:25,Laporan Skripsi
264,Implementasi Sistem Sistem Tenaga Listrik,264,2022-07-22,2024-07-09 12:49:25,Keteknikan
265,Implementasi Sistem Manajemen Data,265,2012-03-17,2024-07-09 12:49:25,Laporan Magang
266,Rancang Bangun Sistem Algoritma Optimasi,266,2011-11-23,2024-07-09 12:49:25,Laporan Skripsi
267,Rancang Bangun Sistem Elektronika Analog,267,2015-08-05,2024-07-09 12:49:25,Keteknikan
268,Analisis Sistem Keamanan Jaringan,268,2015-04-22,2024-07-09 12:49:25,Laporan Magang
269,Rancang Bangun Sistem Algoritma Optimasi,269,2021-03-12,2024-07-09 12:49:25,Laporan Skripsi
270,Implementasi Sistem Elektronika Analog,270,2014-08-07,2024-07-09 12:49:25,Keteknikan
271,Rancang Bangun Sistem Pemrograman Python,271,2021-06-21,2024-07-09 12:49:25,Laporan Magang
272,Implementasi Sistem Kecerdasan Buatan,272,2011-05-27,2024-07-09 12:49:25,Laporan Skripsi
273,Implementasi Sistem Elektronika Analog,273,2016-05-09,2024-07-09 12:49:25,Keteknikan
274,Rancang Bangun Sistem Pemrograman Python,274,2011-09-10,2024-07-09 12:49:25,Laporan Magang
275,Implementasi Sistem Kecerdasan Buatan,275,2010-12-02,2024-07-09 12:49:25,Laporan Skripsi
276,Implementasi Sistem Sistem Tenaga Listrik,276,2017-04-12,2024-07-09 12:49:25,Keteknikan
277,Rancang Bangun Sistem Keamanan Jaringan,277,2012-01-02,2024-07-09 12:49:25,Laporan Magang
278,Analisis Sistem Kecerdasan Buatan,278,2017-12-31,2024-07-09 12:49:25,Laporan Skripsi
279,Analisis Sistem Sistem Tenaga Listrik,279,2012-02-26,2024-07-09 12:49:25,Keteknikan
280,Analisis Sistem Manajemen Data,280,2011-05-08,2024-07-09 12:49:25,Laporan Magang
281,Implementasi Sistem Algoritma Optimasi,281,2010-10-31,2024-07-09 12:49:25,Laporan Skripsi
282,Rancang Bangun Sistem Elektronika Analog,282,2013-10-18,2024-07-09 12:49:25,Keteknikan
283,Implementasi Sistem Keamanan Jaringan,283,2012-07-21,2024-07-09 12:49:25,Laporan Magang
284,Analisis Sistem Pembelajaran Mesin,284,2010-09-23,2024-07-09 12:49:25,Laporan Skripsi
285,Implementasi Sistem Elektronika Analog,285,2022-04-14,2024-07-09 12:49:25,Keteknikan
286,Implementasi Sistem Manajemen Data,286,2023-12-11,2024-07-09 12:49:25,Laporan Magang
287,Analisis Sistem Algoritma Optimasi,287,2015-01-22,2024-07-09 12:49:25,Laporan Skripsi
288,Rancang Bangun Sistem Sistem Tenaga Listrik,288,2011-03-20,2024-07-09 12:49:25,Keteknikan
289,Rancang Bangun Sistem Pemrograman Python,289,2022-02-14,2024-07-09 12:49:25,Laporan Magang
290,Implementasi Sistem Pembelajaran Mesin,290,2014-09-26,2024-07-09 12:49:25,Laporan Skripsi
291,Analisis Sistem Elektronika Analog,291,2018-04-29,2024-07-09 12:49:25,Keteknikan
292,Implementasi Sistem Keamanan Jaringan,292,2018-02-05,2024-07-09 12:49:25,Laporan Magang
293,Analisis Sistem Algoritma Optimasi,293,2012-03-15,2024-07-09 12:49:25,Laporan Skripsi
294,Rancang Bangun Sistem Komunikasi Digital,294,2015-08-30,2024-07-09 12:49:25,Keteknikan
295,Analisis Sistem Manajemen Data,295,2014-08-19,2024-07-09 12:49:25,Laporan Magang
296,Implementasi Sistem Algoritma Optimasi,296,2019-11-05,2024-07-09 12:49:25,Laporan Skripsi
297,Implementasi Sistem Komunikasi Digital,297,2011-01-23,2024-07-09 12:49:25,Keteknikan
298,Rancang Bangun Sistem Manajemen Data,298,2021-02-17,2024-07-09 12:49:25,Laporan Magang
299,Implementasi Sistem Algoritma Optimasi,299,2011-11-25,2024-07-09 12:49:25,Laporan Skripsi
300,Rancang Bangun Sistem Komunikasi Digital,300,2014-01-01,2024-07-09 12:49:25,Keteknikan
301,Rancang Bangun Sistem Pemrograman Python,301,2021-07-03,2024-07-09 12:49:25,Laporan Magang
302,Implementasi Sistem Algoritma Optimasi,302,2020-10-04,2024-07-09 12:49:25,Laporan Skripsi
303,Rancang Bangun Sistem Sistem Tenaga Listrik,303,2018-07-16,2024-07-09 12:49:25,Keteknikan
304,Rancang Bangun Sistem Pemrograman Python,304,2015-07-10,2024-07-09 12:49:25,Laporan Magang
305,Analisis Sistem Algoritma Optimasi,305,2011-03-17,2024-07-09 12:49:25,Laporan Skripsi
306,Implementasi Sistem Elektronika Analog,306,2012-12-26,2024-07-09 12:49:25,Keteknikan
307,Analisis Sistem Manajemen Data,307,2023-02-20,2024-07-09 12:49:25,Laporan Magang
308,Analisis Sistem Algoritma Optimasi,308,2016-05-16,2024-07-09 12:49:25,Laporan Skripsi
309,Analisis Sistem Sistem Tenaga Listrik,309,2015-09-25,2024-07-09 12:49:25,Keteknikan
310,Analisis Sistem Manajemen Data,310,2017-01-17,2024-07-09 12:49:25,Laporan Magang
311,Implementasi Sistem Kecerdasan Buatan,311,2022-06-12,2024-07-09 12:49:25,Laporan Skripsi
312,Analisis Sistem Elektronika Analog,312,2013-11-24,2024-07-09 12:49:25,Keteknikan
313,Rancang Bangun Sistem Pemrograman Python,313,2017-03-10,2024-07-09 12:49:25,Laporan Magang
314,Implementasi Sistem Kecerdasan Buatan,314,2012-12-09,2024-07-09 12:49:25,Laporan Skripsi
315,Rancang Bangun Sistem Komunikasi Digital,315,2011-11-09,2024-07-09 12:49:25,Keteknikan
316,Rancang Bangun Sistem Keamanan Jaringan,316,2015-06-01,2024-07-09 12:49:25,Laporan Magang
317,Implementasi Sistem Algoritma Optimasi,317,2022-05-02,2024-07-09 12:49:25,Laporan Skripsi
318,Rancang Bangun Sistem Komunikasi Digital,318,2023-05-09,2024-07-09 12:49:25,Keteknikan
319,Rancang Bangun Sistem Manajemen Data,319,2014-10-01,2024-07-09 12:49:25,Laporan Magang
320,Implementasi Sistem Kecerdasan Buatan,320,2021-05-16,2024-07-09 12:49:25,Laporan Skripsi
321,Rancang Bangun Sistem Sistem Tenaga Listrik,321,2021-06-10,2024-07-09 12:49:25,Keteknikan
322,Analisis Sistem Keamanan Jaringan,322,2018-07-17,2024-07-09 12:49:25,Laporan Magang
323,Implementasi Sistem Pembelajaran Mesin,323,2014-09-19,2024-07-09 12:49:25,Laporan Skripsi
324,Rancang Bangun Sistem Elektronika Analog,324,2016-11-10,2024-07-09 12:49:25,Keteknikan
325,Analisis Sistem Manajemen Data,325,2011-05-01,2024-07-09 12:49:25,Laporan Magang
326,Rancang Bangun Sistem Pembelajaran Mesin,326,2023-07-19,2024-07-09 12:49:25,Laporan Skripsi
327,Rancang Bangun Sistem Elektronika Analog,327,2015-11-11,2024-07-09 12:49:25,Keteknikan
328,Implementasi Sistem Pemrograman Python,328,2013-07-31,2024-07-09 12:49:25,Laporan Magang
329,Implementasi Sistem Pembelajaran Mesin,329,2022-03-18,2024-07-09 12:49:25,Laporan Skripsi
330,Implementasi Sistem Elektronika Analog,330,2013-01-25,2024-07-09 12:49:25,Keteknikan
331,Implementasi Sistem Manajemen Data,331,2011-07-25,2024-07-09 12:49:25,Laporan Magang
332,Analisis Sistem Kecerdasan Buatan,332,2019-03-27,2024-07-09 12:49:25,Laporan Skripsi
333,Implementasi Sistem Elektronika Analog,333,2014-08-19,2024-07-09 12:49:25,Keteknikan
334,Implementasi Sistem Manajemen Data,334,2018-06-17,2024-07-09 12:49:25,Laporan Magang
335,Analisis Sistem Algoritma Optimasi,335,2015-05-22,2024-07-09 12:49:25,Laporan Skripsi
336,Implementasi Sistem Sistem Tenaga Listrik,336,2017-07-27,2024-07-09 12:49:25,Keteknikan
337,Analisis Sistem Pemrograman Python,337,2010-12-29,2024-07-09 12:49:25,Laporan Magang
338,Analisis Sistem Pembelajaran Mesin,338,2015-04-19,2024-07-09 12:49:25,Laporan Skripsi
339,Implementasi Sistem Elektronika Analog,339,2013-08-03,2024-07-09 12:49:25,Keteknikan
340,Rancang Bangun Sistem Keamanan Jaringan,340,2010-08-04,2024-07-09 12:49:25,Laporan Magang
341,Implementasi Sistem Pembelajaran Mesin,341,2017-11-03,2024-07-09 12:49:25,Laporan Skripsi
342,Analisis Sistem Elektronika Analog,342,2018-11-12,2024-07-09 12:49:25,Keteknikan
343,Implementasi Sistem Keamanan Jaringan,343,2021-03-14,2024-07-09 12:49:25,Laporan Magang
344,Rancang Bangun Sistem Pembelajaran Mesin,344,2017-01-20,2024-07-09 12:49:25,Laporan Skripsi
345,Analisis Sistem Elektronika Analog,345,2022-02-23,2024-07-09 12:49:25,Keteknikan
346,Rancang Bangun Sistem Keamanan Jaringan,346,2010-05-29,2024-07-09 12:49:25,Laporan Magang
347,Analisis Sistem Pembelajaran Mesin,347,2016-03-14,2024-07-09 12:49:25,Laporan Skripsi
348,Analisis Sistem Sistem Tenaga Listrik,348,2011-10-29,2024-07-09 12:49:25,Keteknikan
349,Implementasi Sistem Pemrograman Python,349,2016-04-13,2024-07-09 12:49:25,Laporan Magang
350,Analisis Sistem Pembelajaran Mesin,350,2016-08-15,2024-07-09 12:49:25,Laporan Skripsi
351,Analisis Sistem Elektronika Analog,351,2022-04-24,2024-07-09 12:49:25,Keteknikan
352,Rancang Bangun Sistem Keamanan Jaringan,352,2022-05-13,2024-07-09 12:49:25,Laporan Magang
353,Analisis Sistem Kecerdasan Buatan,353,2023-10-09,2024-07-09 12:49:25,Laporan Skripsi
354,Implementasi Sistem Elektronika Analog,354,2022-06-23,2024-07-09 12:49:25,Keteknikan
355,Implementasi Sistem Pemrograman Python,355,2019-04-02,2024-07-09 12:49:25,Laporan Magang
356,Rancang Bangun Sistem Algoritma Optimasi,356,2021-12-31,2024-07-09 12:49:25,Laporan Skripsi
357,Analisis Sistem Komunikasi Digital,357,2018-02-03,2024-07-09 12:49:25,Keteknikan
358,Implementasi Sistem Keamanan Jaringan,358,2013-05-07,2024-07-09 12:49:25,Laporan Magang
359,Rancang Bangun Sistem Kecerdasan Buatan,359,2015-08-10,2024-07-09 12:49:25,Laporan Skripsi
360,Analisis Sistem Sistem Tenaga Listrik,360,2020-11-20,2024-07-09 12:49:25,Keteknikan
361,Implementasi Sistem Manajemen Data,361,2017-03-10,2024-07-09 12:49:25,Laporan Magang
362,Implementasi Sistem Algoritma Optimasi,362,2015-07-28,2024-07-09 12:49:25,Laporan Skripsi
363,Analisis Sistem Sistem Tenaga Listrik,363,2020-05-18,2024-07-09 12:49:25,Keteknikan
364,Implementasi Sistem Keamanan Jaringan,364,2013-09-25,2024-07-09 12:49:25,Laporan Magang
365,Rancang Bangun Sistem Pembelajaran Mesin,365,2014-10-31,2024-07-09 12:49:25,Laporan Skripsi
366,Rancang Bangun Sistem Elektronika Analog,366,2019-12-31,2024-07-09 12:49:25,Keteknikan
367,Implementasi Sistem Keamanan Jaringan,367,2010-07-29,2024-07-09 12:49:25,Laporan Magang
368,Rancang Bangun Sistem Pembelajaran Mesin,368,2015-03-31,2024-07-09 12:49:25,Laporan Skripsi
369,Implementasi Sistem Sistem Tenaga Listrik,369,2016-06-04,2024-07-09 12:49:25,Keteknikan
370,Analisis Sistem Keamanan Jaringan,370,2010-06-11,2024-07-09 12:49:25,Laporan Magang
371,Implementasi Sistem Pembelajaran Mesin,371,2014-07-06,2024-07-09 12:49:25,Laporan Skripsi
372,Analisis Sistem Elektronika Analog,372,2016-09-23,2024-07-09 12:49:25,Keteknikan
373,Rancang Bangun Sistem Pemrograman Python,373,2014-07-23,2024-07-09 12:49:25,Laporan Magang
374,Analisis Sistem Kecerdasan Buatan,374,2021-10-20,2024-07-09 12:49:25,Laporan Skripsi
375,Implementasi Sistem Sistem Tenaga Listrik,375,2011-08-04,2024-07-09 12:49:25,Keteknikan
376,Rancang Bangun Sistem Pemrograman Python,376,2021-08-06,2024-07-09 12:49:25,Laporan Magang
377,Rancang Bangun Sistem Pembelajaran Mesin,377,2011-03-02,2024-07-09 12:49:25,Laporan Skripsi
378,Analisis Sistem Elektronika Analog,378,2020-06-13,2024-07-09 12:49:25,Keteknikan
379,Implementasi Sistem Pemrograman Python,379,2014-10-02,2024-07-09 12:49:25,Laporan Magang
380,Analisis Sistem Algoritma Optimasi,380,2022-05-20,2024-07-09 12:49:25,Laporan Skripsi
381,Analisis Sistem Komunikasi Digital,381,2022-12-16,2024-07-09 12:49:25,Keteknikan
382,Rancang Bangun Sistem Keamanan Jaringan,382,2012-05-20,2024-07-09 12:49:25,Laporan Magang
383,Rancang Bangun Sistem Pembelajaran Mesin,383,2022-11-27,2024-07-09 12:49:25,Laporan Skripsi
384,Implementasi Sistem Sistem Tenaga Listrik,384,2014-04-15,2024-07-09 12:49:25,Keteknikan
385,Rancang Bangun Sistem Keamanan Jaringan,385,2015-02-07,2024-07-09 12:49:25,Laporan Magang
386,Implementasi Sistem Pembelajaran Mesin,386,2010-06-02,2024-07-09 12:49:25,Laporan Skripsi
387,Implementasi Sistem Komunikasi Digital,387,2013-10-10,2024-07-09 12:49:25,Keteknikan
388,Rancang Bangun Sistem Manajemen Data,388,2019-10-04,2024-07-09 12:49:25,Laporan Magang
389,Analisis Sistem Algoritma Optimasi,389,2021-04-23,2024-07-09 12:49:25,Laporan Skripsi
390,Analisis Sistem Komunikasi Digital,390,2019-09-21,2024-07-09 12:49:25,Keteknikan
391,Implementasi Sistem Pemrograman Python,391,2018-10-07,2024-07-09 12:49:25,Laporan Magang
392,Implementasi Sistem Pembelajaran Mesin,392,2010-05-30,2024-07-09 12:49:25,Laporan Skripsi
393,Rancang Bangun Sistem Sistem Tenaga Listrik,393,2014-04-02,2024-07-09 12:49:25,Keteknikan
394,Implementasi Sistem Manajemen Data,394,2013-10-30,2024-07-09 12:49:25,Laporan Magang
395,Implementasi Sistem Algoritma Optimasi,395,2018-03-09,2024-07-09 12:49:25,Laporan Skripsi
396,Implementasi Sistem Elektronika Analog,396,2018-12-10,2024-07-09 12:49:25,Keteknikan
397,Analisis Sistem Keamanan Jaringan,397,2022-08-14,2024-07-09 12:49:25,Laporan Magang
398,Rancang Bangun Sistem Algoritma Optimasi,398,2010-05-27,2024-07-09 12:49:25,Laporan Skripsi
399,Analisis Sistem Komunikasi Digital,399,2011-09-25,2024-07-09 12:49:25,Keteknikan
400,Implementasi Sistem Pemrograman Python,400,2012-04-01,2024-07-09 12:49:25,Laporan Magang
401,Rancang Bangun Sistem Kecerdasan Buatan,401,2019-08-14,2024-07-09 12:49:25,Laporan Skripsi
402,Rancang Bangun Sistem Komunikasi Digital,402,2012-03-11,2024-07-09 12:49:25,Keteknikan
403,Implementasi Sistem Pemrograman Python,403,2013-10-03,2024-07-09 12:49:25,Laporan Magang
404,Rancang Bangun Sistem Algoritma Optimasi,404,2016-05-26,2024-07-09 12:49:25,Laporan Skripsi
405,Implementasi Sistem Komunikasi Digital,405,2021-05-06,2024-07-09 12:49:25,Keteknikan
406,Analisis Sistem Keamanan Jaringan,406,2011-04-03,2024-07-09 12:49:25,Laporan Magang
407,Implementasi Sistem Algoritma Optimasi,407,2016-12-22,2024-07-09 12:49:25,Laporan Skripsi
408,Implementasi Sistem Sistem Tenaga Listrik,408,2010-10-15,2024-07-09 12:49:25,Keteknikan
409,Analisis Sistem Manajemen Data,409,2020-07-30,2024-07-09 12:49:25,Laporan Magang
410,Implementasi Sistem Pembelajaran Mesin,410,2014-02-27,2024-07-09 12:49:25,Laporan Skripsi
411,Implementasi Sistem Elektronika Analog,411,2018-07-22,2024-07-09 12:49:25,Keteknikan
412,Analisis Sistem Manajemen Data,412,2019-09-05,2024-07-09 12:49:25,Laporan Magang
413,Analisis Sistem Algoritma Optimasi,413,2019-07-06,2024-07-09 12:49:25,Laporan Skripsi
414,Analisis Sistem Komunikasi Digital,414,2019-06-30,2024-07-09 12:49:25,Keteknikan
415,Rancang Bangun Sistem Pemrograman Python,415,2016-12-26,2024-07-09 12:49:25,Laporan Magang
416,Analisis Sistem Algoritma Optimasi,416,2017-02-03,2024-07-09 12:49:25,Laporan Skripsi
417,Rancang Bangun Sistem Elektronika Analog,417,2022-09-17,2024-07-09 12:49:25,Keteknikan
418,Rancang Bangun Sistem Manajemen Data,418,2021-09-28,2024-07-09 12:49:25,Laporan Magang
419,Rancang Bangun Sistem Algoritma Optimasi,419,2011-12-26,2024-07-09 12:49:25,Laporan Skripsi
420,Analisis Sistem Elektronika Analog,420,2022-02-18,2024-07-09 12:49:25,Keteknikan
421,Analisis Sistem Pemrograman Python,421,2017-06-13,2024-07-09 12:49:25,Laporan Magang
422,Rancang Bangun Sistem Algoritma Optimasi,422,2018-08-04,2024-07-09 12:49:25,Laporan Skripsi
423,Rancang Bangun Sistem Elektronika Analog,423,2012-07-15,2024-07-09 12:49:25,Keteknikan
424,Rancang Bangun Sistem Keamanan Jaringan,424,2016-08-05,2024-07-09 12:49:25,Laporan Magang
425,Analisis Sistem Kecerdasan Buatan,425,2012-10-17,2024-07-09 12:49:25,Laporan Skripsi
426,Implementasi Sistem Sistem Tenaga Listrik,426,2022-08-06,2024-07-09 12:49:25,Keteknikan
427,Implementasi Sistem Pemrograman Python,427,2017-07-10,2024-07-09 12:49:25,Laporan Magang
428,Analisis Sistem Kecerdasan Buatan,428,2016-02-06,2024-07-09 12:49:25,Laporan Skripsi
429,Rancang Bangun Sistem Komunikasi Digital,429,2017-03-30,2024-07-09 12:49:25,Keteknikan
430,Implementasi Sistem Pemrograman Python,430,2010-08-12,2024-07-09 12:49:25,Laporan Magang
431,Implementasi Sistem Algoritma Optimasi,431,2022-10-31,2024-07-09 12:49:25,Laporan Skripsi
432,Analisis Sistem Elektronika Analog,432,2014-11-14,2024-07-09 12:49:25,Keteknikan
433,Rancang Bangun Sistem Keamanan Jaringan,433,2014-03-06,2024-07-09 12:49:25,Laporan Magang
434,Analisis Sistem Kecerdasan Buatan,434,2016-05-30,2024-07-09 12:49:25,Laporan Skripsi
435,Rancang Bangun Sistem Elektronika Analog,435,2022-12-06,2024-07-09 12:49:25,Keteknikan
436,Implementasi Sistem Keamanan Jaringan,436,2015-08-10,2024-07-09 12:49:25,Laporan Magang
437,Rancang Bangun Sistem Kecerdasan Buatan,437,2013-02-20,2024-07-09 12:49:25,Laporan Skripsi
438,Analisis Sistem Elektronika Analog,438,2023-09-25,2024-07-09 12:49:25,Keteknikan
439,Rancang Bangun Sistem Pemrograman Python,439,2020-02-04,2024-07-09 12:49:25,Laporan Magang
440,Implementasi Sistem Pembelajaran Mesin,440,2016-11-10,2024-07-09 12:49:25,Laporan Skripsi
441,Implementasi Sistem Komunikasi Digital,441,2010-05-19,2024-07-09 12:49:25,Keteknikan
442,Analisis Sistem Manajemen Data,442,2012-11-22,2024-07-09 12:49:25,Laporan Magang
443,Implementasi Sistem Algoritma Optimasi,443,2015-08-26,2024-07-09 12:49:25,Laporan Skripsi
444,Rancang Bangun Sistem Elektronika Analog,444,2011-08-23,2024-07-09 12:49:25,Keteknikan
445,Analisis Sistem Pemrograman Python,445,2019-03-15,2024-07-09 12:49:25,Laporan Magang
446,Rancang Bangun Sistem Pembelajaran Mesin,446,2010-09-27,2024-07-09 12:49:25,Laporan Skripsi
447,Analisis Sistem Elektronika Analog,447,2010-12-13,2024-07-09 12:49:25,Keteknikan
448,Implementasi Sistem Keamanan Jaringan,448,2016-10-29,2024-07-09 12:49:25,Laporan Magang
449,Analisis Sistem Kecerdasan Buatan,449,2016-08-26,2024-07-09 12:49:25,Laporan Skripsi
450,Rancang Bangun Sistem Komunikasi Digital,450,2011-08-11,2024-07-09 12:49:25,Keteknikan
451,Implementasi Sistem Pemrograman Python,451,2013-02-18,2024-07-09 12:49:25,Laporan Magang
452,Implementasi Sistem Algoritma Optimasi,452,2010-05-01,2024-07-09 12:49:25,Laporan Skripsi
453,Analisis Sistem Elektronika Analog,453,2010-10-20,2024-07-09 12:49:25,Keteknikan
454,Implementasi Sistem Manajemen Data,454,2015-09-21,2024-07-09 12:49:25,Laporan Magang
455,Analisis Sistem Kecerdasan Buatan,455,2014-08-03,2024-07-09 12:49:25,Laporan Skripsi
456,Implementasi Sistem Sistem Tenaga Listrik,456,2020-04-29,2024-07-09 12:49:25,Keteknikan
457,Implementasi Sistem Pemrograman Python,457,2012-04-30,2024-07-09 12:49:25,Laporan Magang
458,Implementasi Sistem Algoritma Optimasi,458,2014-01-28,2024-07-09 12:49:25,Laporan Skripsi
459,Analisis Sistem Komunikasi Digital,459,2011-01-19,2024-07-09 12:49:25,Keteknikan
460,Rancang Bangun Sistem Manajemen Data,460,2021-07-15,2024-07-09 12:49:25,Laporan Magang
461,Rancang Bangun Sistem Kecerdasan Buatan,461,2021-06-15,2024-07-09 12:49:25,Laporan Skripsi
462,Implementasi Sistem Komunikasi Digital,462,2017-04-12,2024-07-09 12:49:25,Keteknikan
463,Analisis Sistem Pemrograman Python,463,2023-07-11,2024-07-09 12:49:25,Laporan Magang
464,Analisis Sistem Pembelajaran Mesin,464,2011-06-25,2024-07-09 12:49:25,Laporan Skripsi
465,Analisis Sistem Komunikasi Digital,465,2022-08-26,2024-07-09 12:49:25,Keteknikan
466,Rancang Bangun Sistem Keamanan Jaringan,466,2011-10-02,2024-07-09 12:49:25,Laporan Magang
467,Implementasi Sistem Algoritma Optimasi,467,2023-04-11,2024-07-09 12:49:25,Laporan Skripsi
468,Implementasi Sistem Sistem Tenaga Listrik,468,2012-01-10,2024-07-09 12:49:25,Keteknikan
469,Implementasi Sistem Manajemen Data,469,2017-12-07,2024-07-09 12:49:25,Laporan Magang
470,Rancang Bangun Sistem Pembelajaran Mesin,470,2014-02-11,2024-07-09 12:49:25,Laporan Skripsi
471,Implementasi Sistem Elektronika Analog,471,2022-06-10,2024-07-09 12:49:25,Keteknikan
472,Implementasi Sistem Manajemen Data,472,2022-03-26,2024-07-09 12:49:25,Laporan Magang
473,Implementasi Sistem Pembelajaran Mesin,473,2023-07-04,2024-07-09 12:49:25,Laporan Skripsi
474,Analisis Sistem Sistem Tenaga Listrik,474,2013-07-08,2024-07-09 12:49:25,Keteknikan
475,Rancang Bangun Sistem Keamanan Jaringan,475,2010-01-26,2024-07-09 12:49:25,Laporan Magang
476,Analisis Sistem Kecerdasan Buatan,476,2014-09-29,2024-07-09 12:49:25,Laporan Skripsi
477,Implementasi Sistem Komunikasi Digital,477,2016-11-22,2024-07-09 12:49:25,Keteknikan
478,Analisis Sistem Manajemen Data,478,2016-05-14,2024-07-09 12:49:25,Laporan Magang
479,Implementasi Sistem Algoritma Optimasi,479,2018-10-23,2024-07-09 12:49:25,Laporan Skripsi
480,Rancang Bangun Sistem Sistem Tenaga Listrik,480,2012-08-25,2024-07-09 12:49:25,Keteknikan
481,Implementasi Sistem Manajemen Data,481,2018-09-01,2024-07-09 12:49:25,Laporan Magang
482,Analisis Sistem Pembelajaran Mesin,482,2011-10-17,2024-07-09 12:49:25,Laporan Skripsi
483,Implementasi Sistem Elektronika Analog,483,2010-07-04,2024-07-09 12:49:25,Keteknikan
484,Analisis Sistem Manajemen Data,484,2014-03-28,2024-07-09 12:49:25,Laporan Magang
485,Implementasi Sistem Pembelajaran Mesin,485,2010-09-18,2024-07-09 12:49:25,Laporan Skripsi
486,Analisis Sistem Sistem Tenaga Listrik,486,2018-03-30,2024-07-09 12:49:25,Keteknikan
487,Rancang Bangun Sistem Keamanan Jaringan,487,2020-05-15,2024-07-09 12:49:25,Laporan Magang
488,Analisis Sistem Kecerdasan Buatan,488,2012-11-24,2024-07-09 12:49:25,Laporan Skripsi
489,Implementasi Sistem Komunikasi Digital,489,2015-02-03,2024-07-09 12:49:25,Keteknikan
490,Implementasi Sistem Pemrograman Python,490,2014-05-22,2024-07-09 12:49:25,Laporan Magang
491,Rancang Bangun Sistem Kecerdasan Buatan,491,2012-03-06,2024-07-09 12:49:25,Laporan Skripsi
492,Analisis Sistem Sistem Tenaga Listrik,492,2020-02-29,2024-07-09 12:49:25,Keteknikan
493,Rancang Bangun Sistem Keamanan Jaringan,493,2015-07-21,2024-07-09 12:49:25,Laporan Magang
494,Analisis Sistem Pembelajaran Mesin,494,2023-09-18,2024-07-09 12:49:25,Laporan Skripsi
495,Rancang Bangun Sistem Elektronika Analog,495,2018-12-04,2024-07-09 12:49:25,Keteknikan
496,Rancang Bangun Sistem Manajemen Data,496,2012-04-27,2024-07-09 12:49:25,Laporan Magang
497,Implementasi Sistem Pembelajaran Mesin,497,2021-06-13,2024-07-09 12:49:25,Laporan Skripsi
498,Rancang Bangun Sistem Elektronika Analog,498,2018-09-29,2024-07-09 12:49:25,Keteknikan
499,Analisis Sistem Keamanan Jaringan,499,2020-11-15,2024-07-09 12:49:25,Laporan Magang
500,Implementasi Sistem Algoritma Optimasi,500,2013-09-07,2024-07-09 12:49:25,Laporan Skripsi
